distance_m,packet,rssi_dbm,latency_ms,status
1,1,-42,13.0,RECEIVED
1,2,-41,8.0,RECEIVED
1,3,-43,16.0,RECEIVED
1,4,-45,22.0,RECEIVED
1,5,-43,24.0,RECEIVED
1,6,-45,20.0,RECEIVED
1,7,-41,18.0,RECEIVED
1,8,-44,24.0,RECEIVED
1,9,-44,16.0,RECEIVED
1,10,-42,20.0,RECEIVED
1,11,-39,16.0,RECEIVED
1,12,-45,21.0,RECEIVED
1,13,-43,14.0,RECEIVED
1,14,-42,22.0,RECEIVED
1,15,-45,21.0,RECEIVED
1,16,-43,19.0,RECEIVED
1,17,-41,19.0,RECEIVED
1,18,-43,19.0,RECEIVED
1,19,-46,16.0,RECEIVED
1,20,-44,17.0,RECEIVED
1,21,-45,23.0,RECEIVED
1,22,-44,19.0,RECEIVED
1,23,-42,22.0,RECEIVED
1,24,-44,22.0,RECEIVED
1,25,-46,12.0,RECEIVED
1,26,-42,19.0,RECEIVED
1,27,-44,19.0,RECEIVED
1,28,-44,20.0,RECEIVED
1,29,-44,16.0,RECEIVED
1,30,-42,16.0,RECEIVED
1,31,-42,20.0,RECEIVED
1,32,-43,16.0,RECEIVED
1,33,-46,11.0,RECEIVED
1,34,-45,20.0,RECEIVED
1,35,-44,24.0,RECEIVED
1,36,-42,13.0,RECEIVED
1,37,-45,16.0,RECEIVED
1,38,-46,20.0,RECEIVED
1,39,-44,11.0,RECEIVED
1,40,-44,19.0,RECEIVED
1,41,-40,17.0,RECEIVED
1,42,-43,19.0,RECEIVED
1,43,-41,20.0,RECEIVED
1,44,-45,15.0,RECEIVED
1,45,-44,11.0,RECEIVED
1,46,-43,11.0,RECEIVED
1,47,-42,22.0,RECEIVED
1,48,-37,20.0,RECEIVED
1,49,-47,19.0,RECEIVED
1,50,-44,15.0,RECEIVED
1,51,-41,19.0,RECEIVED
1,52,-45,10.0,RECEIVED
1,53,-43,27.0,RECEIVED
1,54,-41,16.0,RECEIVED
1,55,-45,14.0,RECEIVED
1,56,-45,22.0,RECEIVED
1,57,-41,20.0,RECEIVED
1,58,-43,15.0,RECEIVED
1,59,-44,12.0,RECEIVED
1,60,-43,26.0,RECEIVED
1,61,-43,19.0,RECEIVED
1,62,-43,16.0,RECEIVED
1,63,-42,26.0,RECEIVED
1,64,-45,11.0,RECEIVED
1,65,-40,17.0,RECEIVED
1,66,-40,12.0,RECEIVED
1,67,-42,16.0,RECEIVED
1,68,-43,20.0,RECEIVED
1,69,-43,21.0,RECEIVED
1,70,-43,14.0,RECEIVED
1,71,-45,16.0,RECEIVED
1,72,-46,18.0,RECEIVED
1,73,-42,16.0,RECEIVED
1,74,-41,21.0,RECEIVED
1,75,-43,15.0,RECEIVED
1,76,-43,19.0,RECEIVED
1,77,-43,19.0,RECEIVED
1,78,-39,14.0,RECEIVED
1,79,-46,15.0,RECEIVED
1,80,-41,14.0,RECEIVED
1,81,-47,17.0,RECEIVED
1,82,-44,14.0,RECEIVED
1,83,-47,11.0,RECEIVED
1,84,-46,13.0,RECEIVED
1,85,-37,12.0,RECEIVED
1,86,-42,27.0,RECEIVED
1,87,-43,22.0,RECEIVED
1,88,-44,17.0,RECEIVED
1,89,-43,17.0,RECEIVED
1,90,-44,20.0,RECEIVED
1,91,-43,20.0,RECEIVED
1,92,-43,14.0,RECEIVED
1,93,-43,28.0,RECEIVED
1,94,-42,14.0,RECEIVED
1,95,-42,12.0,RECEIVED
1,96,-42,20.0,RECEIVED
1,97,-41,20.0,RECEIVED
1,98,-44,19.0,RECEIVED
1,99,-44,17.0,RECEIVED
1,100,-43,25.0,RECEIVED
5,1,-50,22.0,RECEIVED
5,2,-51,12.0,RECEIVED
5,3,-47,13.0,RECEIVED
5,4,-51,21.0,RECEIVED
5,5,-51,28.0,RECEIVED
5,6,-47,27.0,RECEIVED
5,7,-47,23.0,RECEIVED
5,8,-51,21.0,RECEIVED
5,9,-48,15.0,RECEIVED
5,10,-50,27.0,RECEIVED
5,11,-46,25.0,RECEIVED
5,12,-50,15.0,RECEIVED
5,13,-47,24.0,RECEIVED
5,14,-52,21.0,RECEIVED
5,15,-51,23.0,RECEIVED
5,16,-49,10.0,RECEIVED
5,17,-50,23.0,RECEIVED
5,18,-54,18.0,RECEIVED
5,19,-53,28.0,RECEIVED
5,20,-48,18.0,RECEIVED
5,21,-48,22.0,RECEIVED
5,22,-49,17.0,RECEIVED
5,23,-50,23.0,RECEIVED
5,24,-52,20.0,RECEIVED
5,25,-51,17.0,RECEIVED
5,26,-48,21.0,RECEIVED
5,27,-48,25.0,RECEIVED
5,28,-45,20.0,RECEIVED
5,29,-47,19.0,RECEIVED
5,30,-47,13.0,RECEIVED
5,31,-53,17.0,RECEIVED
5,32,-49,22.0,RECEIVED
5,33,-55,21.0,RECEIVED
5,34,-49,,LOST
5,35,-51,22.0,RECEIVED
5,36,-50,24.0,RECEIVED
5,37,-50,22.0,RECEIVED
5,38,-51,24.0,RECEIVED
5,39,-50,25.0,RECEIVED
5,40,-53,14.0,RECEIVED
5,41,-51,25.0,RECEIVED
5,42,-50,26.0,RECEIVED
5,43,-50,28.0,RECEIVED
5,44,-52,18.0,RECEIVED
5,45,-52,19.0,RECEIVED
5,46,-47,14.0,RECEIVED
5,47,-52,23.0,RECEIVED
5,48,-54,26.0,RECEIVED
5,49,-51,16.0,RECEIVED
5,50,-49,20.0,RECEIVED
5,51,-49,28.0,RECEIVED
5,52,-53,26.0,RECEIVED
5,53,-48,23.0,RECEIVED
5,54,-49,31.0,RECEIVED
5,55,-50,22.0,RECEIVED
5,56,-52,23.0,RECEIVED
5,57,-49,17.0,RECEIVED
5,58,-54,15.0,RECEIVED
5,59,-51,31.0,RECEIVED
5,60,-52,23.0,RECEIVED
5,61,-51,22.0,RECEIVED
5,62,-51,26.0,RECEIVED
5,63,-50,34.0,RECEIVED
5,64,-47,21.0,RECEIVED
5,65,-50,20.0,RECEIVED
5,66,-49,17.0,RECEIVED
5,67,-49,24.0,RECEIVED
5,68,-49,20.0,RECEIVED
5,69,-51,26.0,RECEIVED
5,70,-51,11.0,RECEIVED
5,71,-47,25.0,RECEIVED
5,72,-53,6.0,RECEIVED
5,73,-45,23.0,RECEIVED
5,74,-49,13.0,RECEIVED
5,75,-50,21.0,RECEIVED
5,76,-49,24.0,RECEIVED
5,77,-48,29.0,RECEIVED
5,78,-52,28.0,RECEIVED
5,79,-47,19.0,RECEIVED
5,80,-50,22.0,RECEIVED
5,81,-51,16.0,RECEIVED
5,82,-49,13.0,RECEIVED
5,83,-51,27.0,RECEIVED
5,84,-52,13.0,RECEIVED
5,85,-50,20.0,RECEIVED
5,86,-50,22.0,RECEIVED
5,87,-49,24.0,RECEIVED
5,88,-49,22.0,RECEIVED
5,89,-50,19.0,RECEIVED
5,90,-52,15.0,RECEIVED
5,91,-51,17.0,RECEIVED
5,92,-49,21.0,RECEIVED
5,93,-48,25.0,RECEIVED
5,94,-51,24.0,RECEIVED
5,95,-53,21.0,RECEIVED
5,96,-52,22.0,RECEIVED
5,97,-47,27.0,RECEIVED
5,98,-49,9.0,RECEIVED
5,99,-51,16.0,RECEIVED
5,100,-46,15.0,RECEIVED
10,1,-58,,LOST
10,2,-58,34.0,RECEIVED
10,3,-59,17.0,RECEIVED
10,4,-59,,LOST
10,5,-58,16.0,RECEIVED
10,6,-59,31.0,RECEIVED
10,7,-59,28.0,RECEIVED
10,8,-57,17.0,RECEIVED
10,9,-60,26.0,RECEIVED
10,10,-57,21.0,RECEIVED
10,11,-57,26.0,RECEIVED
10,12,-55,23.0,RECEIVED
10,13,-57,22.0,RECEIVED
10,14,-59,23.0,RECEIVED
10,15,-60,13.0,RECEIVED
10,16,-53,23.0,RECEIVED
10,17,-59,24.0,RECEIVED
10,18,-60,28.0,RECEIVED
10,19,-61,,LOST
10,20,-58,23.0,RECEIVED
10,21,-57,16.0,RECEIVED
10,22,-59,34.0,RECEIVED
10,23,-55,19.0,RECEIVED
10,24,-57,21.0,RECEIVED
10,25,-56,23.0,RECEIVED
10,26,-58,20.0,RECEIVED
10,27,-58,16.0,RECEIVED
10,28,-57,22.0,RECEIVED
10,29,-56,26.0,RECEIVED
10,30,-61,29.0,RECEIVED
10,31,-53,27.0,RECEIVED
10,32,-58,29.0,RECEIVED
10,33,-55,22.0,RECEIVED
10,34,-59,23.0,RECEIVED
10,35,-56,32.0,RECEIVED
10,36,-59,27.0,RECEIVED
10,37,-56,14.0,RECEIVED
10,38,-60,13.0,RECEIVED
10,39,-60,24.0,RECEIVED
10,40,-58,20.0,RECEIVED
10,41,-56,20.0,RECEIVED
10,42,-57,24.0,RECEIVED
10,43,-58,29.0,RECEIVED
10,44,-58,24.0,RECEIVED
10,45,-61,28.0,RECEIVED
10,46,-60,25.0,RECEIVED
10,47,-63,18.0,RECEIVED
10,48,-55,26.0,RECEIVED
10,49,-60,19.0,RECEIVED
10,50,-58,28.0,RECEIVED
10,51,-57,26.0,RECEIVED
10,52,-56,17.0,RECEIVED
10,53,-56,31.0,RECEIVED
10,54,-62,25.0,RECEIVED
10,55,-54,28.0,RECEIVED
10,56,-60,25.0,RECEIVED
10,57,-60,,LOST
10,58,-56,20.0,RECEIVED
10,59,-57,27.0,RECEIVED
10,60,-57,29.0,RECEIVED
10,61,-57,16.0,RECEIVED
10,62,-59,19.0,RECEIVED
10,63,-55,32.0,RECEIVED
10,64,-55,25.0,RECEIVED
10,65,-60,27.0,RECEIVED
10,66,-61,25.0,RECEIVED
10,67,-54,29.0,RECEIVED
10,68,-58,25.0,RECEIVED
10,69,-60,24.0,RECEIVED
10,70,-61,28.0,RECEIVED
10,71,-62,24.0,RECEIVED
10,72,-56,30.0,RECEIVED
10,73,-60,20.0,RECEIVED
10,74,-57,31.0,RECEIVED
10,75,-58,19.0,RECEIVED
10,76,-58,24.0,RECEIVED
10,77,-57,22.0,RECEIVED
10,78,-57,23.0,RECEIVED
10,79,-57,19.0,RECEIVED
10,80,-55,19.0,RECEIVED
10,81,-62,25.0,RECEIVED
10,82,-58,31.0,RECEIVED
10,83,-57,33.0,RECEIVED
10,84,-59,21.0,RECEIVED
10,85,-59,32.0,RECEIVED
10,86,-59,35.0,RECEIVED
10,87,-54,25.0,RECEIVED
10,88,-57,41.0,RECEIVED
10,89,-59,30.0,RECEIVED
10,90,-59,30.0,RECEIVED
10,91,-57,25.0,RECEIVED
10,92,-57,15.0,RECEIVED
10,93,-60,18.0,RECEIVED
10,94,-58,22.0,RECEIVED
10,95,-61,23.0,RECEIVED
10,96,-58,26.0,RECEIVED
10,97,-57,25.0,RECEIVED
10,98,-62,25.0,RECEIVED
10,99,-58,25.0,RECEIVED
10,100,-56,19.0,RECEIVED
15,1,-66,31.0,RECEIVED
15,2,-65,17.0,RECEIVED
15,3,-66,27.0,RECEIVED
15,4,-64,28.0,RECEIVED
15,5,-65,26.0,RECEIVED
15,6,-67,32.0,RECEIVED
15,7,-64,38.0,RECEIVED
15,8,-60,29.0,RECEIVED
15,9,-64,25.0,RECEIVED
15,10,-63,33.0,RECEIVED
15,11,-62,36.0,RECEIVED
15,12,-66,33.0,RECEIVED
15,13,-68,28.0,RECEIVED
15,14,-64,27.0,RECEIVED
15,15,-60,29.0,RECEIVED
15,16,-64,30.0,RECEIVED
15,17,-63,36.0,RECEIVED
15,18,-63,33.0,RECEIVED
15,19,-64,35.0,RECEIVED
15,20,-64,34.0,RECEIVED
15,21,-62,31.0,RECEIVED
15,22,-63,15.0,RECEIVED
15,23,-71,21.0,RECEIVED
15,24,-63,24.0,RECEIVED
15,25,-61,28.0,RECEIVED
15,26,-64,32.0,RECEIVED
15,27,-64,25.0,RECEIVED
15,28,-64,23.0,RECEIVED
15,29,-65,35.0,RECEIVED
15,30,-65,29.0,RECEIVED
15,31,-63,25.0,RECEIVED
15,32,-62,28.0,RECEIVED
15,33,-63,32.0,RECEIVED
15,34,-64,34.0,RECEIVED
15,35,-63,23.0,RECEIVED
15,36,-65,28.0,RECEIVED
15,37,-61,39.0,RECEIVED
15,38,-64,32.0,RECEIVED
15,39,-64,31.0,RECEIVED
15,40,-64,26.0,RECEIVED
15,41,-63,30.0,RECEIVED
15,42,-63,28.0,RECEIVED
15,43,-63,24.0,RECEIVED
15,44,-65,22.0,RECEIVED
15,45,-66,30.0,RECEIVED
15,46,-65,33.0,RECEIVED
15,47,-63,32.0,RECEIVED
15,48,-68,28.0,RECEIVED
15,49,-64,30.0,RECEIVED
15,50,-62,31.0,RECEIVED
15,51,-63,27.0,RECEIVED
15,52,-62,27.0,RECEIVED
15,53,-63,25.0,RECEIVED
15,54,-63,31.0,RECEIVED
15,55,-66,27.0,RECEIVED
15,56,-66,32.0,RECEIVED
15,57,-64,31.0,RECEIVED
15,58,-67,37.0,RECEIVED
15,59,-63,31.0,RECEIVED
15,60,-64,37.0,RECEIVED
15,61,-62,27.0,RECEIVED
15,62,-66,32.0,RECEIVED
15,63,-64,29.0,RECEIVED
15,64,-64,22.0,RECEIVED
15,65,-64,37.0,RECEIVED
15,66,-65,37.0,RECEIVED
15,67,-64,32.0,RECEIVED
15,68,-64,28.0,RECEIVED
15,69,-67,33.0,RECEIVED
15,70,-65,30.0,RECEIVED
15,71,-64,,LOST
15,72,-64,38.0,RECEIVED
15,73,-62,36.0,RECEIVED
15,74,-63,33.0,RECEIVED
15,75,-66,34.0,RECEIVED
15,76,-66,37.0,RECEIVED
15,77,-61,29.0,RECEIVED
15,78,-64,31.0,RECEIVED
15,79,-62,28.0,RECEIVED
15,80,-66,32.0,RECEIVED
15,81,-65,29.0,RECEIVED
15,82,-65,39.0,RECEIVED
15,83,-64,20.0,RECEIVED
15,84,-65,27.0,RECEIVED
15,85,-64,36.0,RECEIVED
15,86,-64,30.0,RECEIVED
15,87,-61,18.0,RECEIVED
15,88,-65,30.0,RECEIVED
15,89,-63,28.0,RECEIVED
15,90,-62,,LOST
15,91,-63,27.0,RECEIVED
15,92,-64,,LOST
15,93,-69,23.0,RECEIVED
15,94,-65,29.0,RECEIVED
15,95,-66,26.0,RECEIVED
15,96,-60,28.0,RECEIVED
15,97,-66,20.0,RECEIVED
15,98,-66,30.0,RECEIVED
15,99,-66,31.0,RECEIVED
15,100,-63,23.0,RECEIVED
20,1,-72,40.0,RECEIVED
20,2,-73,35.0,RECEIVED
20,3,-69,36.0,RECEIVED
20,4,-68,36.0,RECEIVED
20,5,-66,47.0,RECEIVED
20,6,-72,44.0,RECEIVED
20,7,-73,35.0,RECEIVED
20,8,-70,34.0,RECEIVED
20,9,-71,33.0,RECEIVED
20,10,-69,41.0,RECEIVED
20,11,-70,33.0,RECEIVED
20,12,-73,28.0,RECEIVED
20,13,-72,44.0,RECEIVED
20,14,-67,,LOST
20,15,-72,40.0,RECEIVED
20,16,-71,40.0,RECEIVED
20,17,-71,31.0,RECEIVED
20,18,-70,39.0,RECEIVED
20,19,-70,40.0,RECEIVED
20,20,-67,43.0,RECEIVED
20,21,-67,34.0,RECEIVED
20,22,-70,,LOST
20,23,-70,29.0,RECEIVED
20,24,-67,33.0,RECEIVED
20,25,-71,34.0,RECEIVED
20,26,-70,46.0,RECEIVED
20,27,-68,37.0,RECEIVED
20,28,-71,37.0,RECEIVED
20,29,-72,40.0,RECEIVED
20,30,-69,,LOST
20,31,-71,39.0,RECEIVED
20,32,-70,34.0,RECEIVED
20,33,-69,36.0,RECEIVED
20,34,-74,27.0,RECEIVED
20,35,-70,38.0,RECEIVED
20,36,-70,47.0,RECEIVED
20,37,-70,35.0,RECEIVED
20,38,-74,,LOST
20,39,-73,34.0,RECEIVED
20,40,-72,37.0,RECEIVED
20,41,-75,40.0,RECEIVED
20,42,-71,25.0,RECEIVED
20,43,-68,23.0,RECEIVED
20,44,-72,41.0,RECEIVED
20,45,-69,40.0,RECEIVED
20,46,-70,39.0,RECEIVED
20,47,-68,33.0,RECEIVED
20,48,-70,29.0,RECEIVED
20,49,-68,38.0,RECEIVED
20,50,-70,41.0,RECEIVED
20,51,-72,41.0,RECEIVED
20,52,-69,46.0,RECEIVED
20,53,-69,51.0,RECEIVED
20,54,-72,39.0,RECEIVED
20,55,-71,,LOST
20,56,-69,33.0,RECEIVED
20,57,-70,,LOST
20,58,-73,39.0,RECEIVED
20,59,-69,35.0,RECEIVED
20,60,-71,36.0,RECEIVED
20,61,-68,28.0,RECEIVED
20,62,-71,,LOST
20,63,-67,43.0,RECEIVED
20,64,-73,41.0,RECEIVED
20,65,-73,37.0,RECEIVED
20,66,-69,38.0,RECEIVED
20,67,-67,43.0,RECEIVED
20,68,-71,36.0,RECEIVED
20,69,-70,43.0,RECEIVED
20,70,-69,,LOST
20,71,-67,34.0,RECEIVED
20,72,-74,46.0,RECEIVED
20,73,-70,,LOST
20,74,-68,35.0,RECEIVED
20,75,-71,34.0,RECEIVED
20,76,-69,40.0,RECEIVED
20,77,-69,35.0,RECEIVED
20,78,-73,43.0,RECEIVED
20,79,-72,48.0,RECEIVED
20,80,-68,37.0,RECEIVED
20,81,-70,39.0,RECEIVED
20,82,-70,32.0,RECEIVED
20,83,-68,40.0,RECEIVED
20,84,-71,32.0,RECEIVED
20,85,-73,38.0,RECEIVED
20,86,-71,22.0,RECEIVED
20,87,-68,34.0,RECEIVED
20,88,-73,44.0,RECEIVED
20,89,-69,49.0,RECEIVED
20,90,-71,34.0,RECEIVED
20,91,-69,36.0,RECEIVED
20,92,-67,36.0,RECEIVED
20,93,-70,46.0,RECEIVED
20,94,-68,33.0,RECEIVED
20,95,-69,42.0,RECEIVED
20,96,-73,30.0,RECEIVED
20,97,-74,38.0,RECEIVED
20,98,-70,26.0,RECEIVED
20,99,-70,,LOST
20,100,-71,46.0,RECEIVED
25,1,-74,46.0,RECEIVED
25,2,-73,41.0,RECEIVED
25,3,-78,47.0,RECEIVED
25,4,-76,45.0,RECEIVED
25,5,-77,43.0,RECEIVED
25,6,-74,39.0,RECEIVED
25,7,-77,42.0,RECEIVED
25,8,-72,47.0,RECEIVED
25,9,-74,34.0,RECEIVED
25,10,-71,46.0,RECEIVED
25,11,-74,49.0,RECEIVED
25,12,-78,,LOST
25,13,-72,43.0,RECEIVED
25,14,-78,,LOST
25,15,-75,43.0,RECEIVED
25,16,-73,44.0,RECEIVED
25,17,-74,48.0,RECEIVED
25,18,-73,39.0,RECEIVED
25,19,-77,49.0,RECEIVED
25,20,-77,,LOST
25,21,-73,46.0,RECEIVED
25,22,-72,44.0,RECEIVED
25,23,-77,48.0,RECEIVED
25,24,-78,,LOST
25,25,-76,38.0,RECEIVED
25,26,-76,49.0,RECEIVED
25,27,-75,43.0,RECEIVED
25,28,-77,39.0,RECEIVED
25,29,-76,39.0,RECEIVED
25,30,-74,37.0,RECEIVED
25,31,-75,47.0,RECEIVED
25,32,-78,39.0,RECEIVED
25,33,-73,34.0,RECEIVED
25,34,-73,44.0,RECEIVED
25,35,-76,44.0,RECEIVED
25,36,-80,50.0,RECEIVED
25,37,-76,38.0,RECEIVED
25,38,-75,,LOST
25,39,-74,,LOST
25,40,-72,40.0,RECEIVED
25,41,-73,51.0,RECEIVED
25,42,-76,52.0,RECEIVED
25,43,-75,44.0,RECEIVED
25,44,-74,44.0,RECEIVED
25,45,-75,42.0,RECEIVED
25,46,-69,36.0,RECEIVED
25,47,-77,48.0,RECEIVED
25,48,-73,,LOST
25,49,-73,33.0,RECEIVED
25,50,-74,50.0,RECEIVED
25,51,-77,46.0,RECEIVED
25,52,-74,50.0,RECEIVED
25,53,-73,45.0,RECEIVED
25,54,-78,48.0,RECEIVED
25,55,-76,48.0,RECEIVED
25,56,-75,44.0,RECEIVED
25,57,-75,,LOST
25,58,-72,48.0,RECEIVED
25,59,-75,37.0,RECEIVED
25,60,-79,,LOST
25,61,-70,39.0,RECEIVED
25,62,-71,51.0,RECEIVED
25,63,-75,45.0,RECEIVED
25,64,-76,,LOST
25,65,-75,47.0,RECEIVED
25,66,-78,50.0,RECEIVED
25,67,-76,44.0,RECEIVED
25,68,-77,42.0,RECEIVED
25,69,-76,48.0,RECEIVED
25,70,-75,,LOST
25,71,-76,37.0,RECEIVED
25,72,-76,39.0,RECEIVED
25,73,-76,57.0,RECEIVED
25,74,-75,39.0,RECEIVED
25,75,-75,33.0,RECEIVED
25,76,-71,43.0,RECEIVED
25,77,-73,44.0,RECEIVED
25,78,-80,48.0,RECEIVED
25,79,-77,,LOST
25,80,-76,48.0,RECEIVED
25,81,-73,38.0,RECEIVED
25,82,-71,51.0,RECEIVED
25,83,-77,42.0,RECEIVED
25,84,-75,45.0,RECEIVED
25,85,-75,38.0,RECEIVED
25,86,-73,38.0,RECEIVED
25,87,-77,46.0,RECEIVED
25,88,-72,48.0,RECEIVED
25,89,-74,41.0,RECEIVED
25,90,-74,43.0,RECEIVED
25,91,-77,42.0,RECEIVED
25,92,-76,50.0,RECEIVED
25,93,-72,56.0,RECEIVED
25,94,-75,39.0,RECEIVED
25,95,-76,40.0,RECEIVED
25,96,-75,39.0,RECEIVED
25,97,-77,59.0,RECEIVED
25,98,-76,43.0,RECEIVED
25,99,-78,54.0,RECEIVED
25,100,-74,38.0,RECEIVED
30,1,-81,62.0,RECEIVED
30,2,-79,,LOST
30,3,-78,,LOST
30,4,-82,57.0,RECEIVED
30,5,-82,55.0,RECEIVED
30,6,-80,46.0,RECEIVED
30,7,-80,,LOST
30,8,-80,55.0,RECEIVED
30,9,-80,53.0,RECEIVED
30,10,-83,57.0,RECEIVED
30,11,-79,,LOST
30,12,-83,56.0,RECEIVED
30,13,-79,,LOST
30,14,-77,57.0,RECEIVED
30,15,-83,59.0,RECEIVED
30,16,-78,51.0,RECEIVED
30,17,-77,,LOST
30,18,-79,59.0,RECEIVED
30,19,-81,57.0,RECEIVED
30,20,-79,56.0,RECEIVED
30,21,-76,50.0,RECEIVED
30,22,-79,,LOST
30,23,-82,45.0,RECEIVED
30,24,-81,53.0,RECEIVED
30,25,-80,56.0,RECEIVED
30,26,-78,57.0,RECEIVED
30,27,-79,60.0,RECEIVED
30,28,-82,58.0,RECEIVED
30,29,-76,,LOST
30,30,-79,,LOST
30,31,-80,56.0,RECEIVED
30,32,-80,52.0,RECEIVED
30,33,-81,46.0,RECEIVED
30,34,-75,62.0,RECEIVED
30,35,-78,62.0,RECEIVED
30,36,-79,45.0,RECEIVED
30,37,-81,56.0,RECEIVED
30,38,-78,60.0,RECEIVED
30,39,-81,44.0,RECEIVED
30,40,-80,47.0,RECEIVED
30,41,-80,,LOST
30,42,-77,58.0,RECEIVED
30,43,-78,49.0,RECEIVED
30,44,-79,,LOST
30,45,-81,58.0,RECEIVED
30,46,-85,61.0,RECEIVED
30,47,-80,60.0,RECEIVED
30,48,-82,50.0,RECEIVED
30,49,-83,61.0,RECEIVED
30,50,-81,52.0,RECEIVED
30,51,-77,59.0,RECEIVED
30,52,-80,51.0,RECEIVED
30,53,-82,63.0,RECEIVED
30,54,-81,52.0,RECEIVED
30,55,-82,55.0,RECEIVED
30,56,-83,53.0,RECEIVED
30,57,-81,50.0,RECEIVED
30,58,-75,55.0,RECEIVED
30,59,-83,52.0,RECEIVED
30,60,-81,,LOST
30,61,-80,,LOST
30,62,-80,54.0,RECEIVED
30,63,-80,57.0,RECEIVED
30,64,-79,53.0,RECEIVED
30,65,-79,53.0,RECEIVED
30,66,-76,48.0,RECEIVED
30,67,-83,56.0,RECEIVED
30,68,-78,56.0,RECEIVED
30,69,-79,54.0,RECEIVED
30,70,-80,56.0,RECEIVED
30,71,-81,48.0,RECEIVED
30,72,-78,56.0,RECEIVED
30,73,-79,57.0,RECEIVED
30,74,-79,,LOST
30,75,-80,52.0,RECEIVED
30,76,-78,,LOST
30,77,-79,,LOST
30,78,-78,,LOST
30,79,-78,,LOST
30,80,-79,55.0,RECEIVED
30,81,-78,57.0,RECEIVED
30,82,-81,56.0,RECEIVED
30,83,-82,48.0,RECEIVED
30,84,-84,56.0,RECEIVED
30,85,-76,53.0,RECEIVED
30,86,-80,56.0,RECEIVED
30,87,-80,60.0,RECEIVED
30,88,-78,60.0,RECEIVED
30,89,-75,51.0,RECEIVED
30,90,-81,58.0,RECEIVED
30,91,-79,49.0,RECEIVED
30,92,-81,61.0,RECEIVED
30,93,-78,,LOST
30,94,-83,52.0,RECEIVED
30,95,-82,64.0,RECEIVED
30,96,-78,53.0,RECEIVED
30,97,-77,,LOST
30,98,-79,53.0,RECEIVED
30,99,-83,54.0,RECEIVED
30,100,-80,49.0,RECEIVED
